{"cameraMode":{"drawMode":0,"name":"Shaded","section":"Shading Mode"},"sceneLighting":true,"audioPlay":false,"sceneViewState":{"m_AlwaysRefresh":false,"showFog":true,"showSkybox":true,"showFlares":true,"showImageEffects":true,"showParticleSystems":true,"showVisualEffectGraphs":true,"m_FxEnabled":true},"in2DMode":false,"pivot":{"x":15.740221977233887,"y":0.30638575553894045,"z":2.810847282409668},"rotation":{"x":0.2528747618198395,"y":0.1706964373588562,"z":-0.04540581256151199,"w":0.9513415694236755},"size":6.665105819702148,"orthographic":false}