{"cameraMode":{"drawMode":0,"name":"Shaded","section":"Shading Mode"},"sceneLighting":true,"audioPlay":false,"sceneViewState":{"m_AlwaysRefresh":false,"showFog":true,"showSkybox":true,"showFlares":true,"showImageEffects":true,"showParticleSystems":true,"showVisualEffectGraphs":true,"m_FxEnabled":true},"in2DMode":false,"pivot":{"x":15.76693344116211,"y":0.8820513486862183,"z":-1.3565245866775513},"rotation":{"x":0.06989229470491409,"y":0.7561887502670288,"z":-0.08248203247785568,"w":0.645572304725647},"size":3.9312186241149904,"orthographic":false}