{"cameraMode":{"drawMode":0,"name":"Shaded","section":"Shading Mode"},"sceneLighting":true,"audioPlay":false,"sceneViewState":{"m_AlwaysRefresh":false,"showFog":true,"showSkybox":true,"showFlares":true,"showImageEffects":true,"showParticleSystems":true,"showVisualEffectGraphs":true,"m_FxEnabled":true},"in2DMode":false,"pivot":{"x":13.041280746459961,"y":2.1162188053131105,"z":-5.721591472625732},"rotation":{"x":-0.09710969030857086,"y":0.6993252635002136,"z":-0.09580501914024353,"w":-0.7019942998886108},"size":1.5433976650238038,"orthographic":false}