{"cameraMode":{"drawMode":0,"name":"Shaded","section":"Shading Mode"},"sceneLighting":true,"audioPlay":false,"sceneViewState":{"m_AlwaysRefresh":false,"showFog":true,"showSkybox":true,"showFlares":true,"showImageEffects":true,"showParticleSystems":true,"showVisualEffectGraphs":true,"m_FxEnabled":true},"in2DMode":false,"pivot":{"x":3.7737932205200197,"y":-2.2947006225585939,"z":-9.153741836547852},"rotation":{"x":-0.17397120594978333,"y":-0.16124679148197175,"z":0.029306385666131974,"w":-0.9712582230567932},"size":11.497084617614746,"orthographic":false}